{"cameraMode":{"drawMode":0,"name":"Shaded","section":"Shading Mode"},"sceneLighting":false,"audioPlay":false,"sceneViewState":{"m_AlwaysRefresh":true,"showFog":true,"showSkybox":false,"showFlares":true,"showImageEffects":true,"showParticleSystems":true,"showVisualEffectGraphs":true,"m_FxEnabled":true},"in2DMode":false,"pivot":{"x":0.3010377883911133,"y":0.3355180621147156,"z":-0.014926433563232422},"rotation":{"x":0.024766230955719949,"y":0.9749191999435425,"z":-0.14316843450069428,"w":0.1686583310365677},"size":1.8700587749481202,"orthographic":false}