{"cameraMode":{"drawMode":0,"name":"Shaded","section":"Shading Mode"},"sceneLighting":false,"audioPlay":false,"sceneViewState":{"m_AlwaysRefresh":true,"showFog":true,"showSkybox":false,"showFlares":true,"showImageEffects":true,"showParticleSystems":true,"showVisualEffectGraphs":true,"m_FxEnabled":true},"in2DMode":false,"pivot":{"x":-0.06499147415161133,"y":-0.3611012399196625,"z":-0.07014568150043488},"rotation":{"x":0.11316220462322235,"y":0.652546763420105,"z":-0.099431611597538,"w":0.7426649928092957},"size":0.9325345754623413,"orthographic":false}