{"cameraMode":{"drawMode":0,"name":"Shaded","section":"Shading Mode"},"sceneLighting":false,"audioPlay":false,"sceneViewState":{"m_AlwaysRefresh":true,"showFog":true,"showSkybox":false,"showFlares":true,"showImageEffects":true,"showParticleSystems":true,"showVisualEffectGraphs":true,"m_FxEnabled":true},"in2DMode":false,"pivot":{"x":-0.6300963163375855,"y":-17.090946197509767,"z":66.27330780029297},"rotation":{"x":0.14974437654018403,"y":-0.01276191882789135,"z":0.0020103079732507469,"w":0.9887077808380127},"size":43.232486724853519,"orthographic":false}