{"cameraMode":{"drawMode":0,"name":"Shaded","section":"Shading Mode"},"sceneLighting":false,"audioPlay":false,"sceneViewState":{"m_AlwaysRefresh":true,"showFog":true,"showSkybox":false,"showFlares":true,"showImageEffects":true,"showParticleSystems":true,"showVisualEffectGraphs":true,"m_FxEnabled":true},"in2DMode":false,"pivot":{"x":20.267772674560548,"y":-6.816993713378906,"z":19.179920196533204},"rotation":{"x":-0.019653448835015298,"y":0.9481562376022339,"z":-0.3115563988685608,"w":-0.06288763880729675},"size":14.400213241577149,"orthographic":false}