{"cameraMode":{"drawMode":0,"name":"Shaded","section":"Shading Mode"},"sceneLighting":false,"audioPlay":false,"sceneViewState":{"m_AlwaysRefresh":true,"showFog":true,"showSkybox":false,"showFlares":true,"showImageEffects":true,"showParticleSystems":true,"showVisualEffectGraphs":true,"m_FxEnabled":true},"in2DMode":false,"pivot":{"x":3.725290298461914e-8,"y":0.2739640772342682,"z":-1.1175870895385743e-8},"rotation":{"x":-0.21166947484016419,"y":0.6509412527084351,"z":-0.19624269008636475,"w":-0.7021121978759766},"size":0.28681108355522158,"orthographic":false}