{"cameraMode":{"drawMode":0,"name":"Shaded","section":"Shading Mode"},"sceneLighting":false,"audioPlay":false,"sceneViewState":{"m_AlwaysRefresh":true,"showFog":true,"showSkybox":false,"showFlares":true,"showImageEffects":true,"showParticleSystems":true,"showVisualEffectGraphs":true,"m_FxEnabled":true},"in2DMode":false,"pivot":{"x":-0.00780487060546875,"y":9.048471450805664,"z":0.00000762939453125},"rotation":{"x":0.006347722839564085,"y":0.9934102296829224,"z":-0.0689629539847374,"w":0.09145377576351166},"size":67.87396240234375,"orthographic":false}