{"cameraMode":{"drawMode":0,"name":"Shaded","section":"Shading Mode"},"sceneLighting":false,"audioPlay":false,"sceneViewState":{"m_AlwaysRefresh":true,"showFog":true,"showSkybox":false,"showFlares":true,"showImageEffects":true,"showParticleSystems":true,"showVisualEffectGraphs":true,"m_FxEnabled":true},"in2DMode":false,"pivot":{"x":0.43691563606262209,"y":0.10800614953041077,"z":1.0747300386428834},"rotation":{"x":0.0030306088738143446,"y":-0.3965332508087158,"z":0.0013313989620655776,"w":0.9180656671524048},"size":0.871875524520874,"orthographic":false}