{"cameraMode":{"drawMode":0,"name":"Shaded","section":"Shading Mode"},"sceneLighting":true,"audioPlay":false,"sceneViewState":{"m_AlwaysRefresh":true,"showFog":true,"showSkybox":true,"showFlares":true,"showImageEffects":true,"showParticleSystems":true,"showVisualEffectGraphs":true,"m_FxEnabled":true},"in2DMode":false,"pivot":{"x":155.92999267578126,"y":5.149999618530273,"z":-463.8699951171875},"rotation":{"x":0.0003083854098804295,"y":0.9955174326896668,"z":-0.094667948782444,"w":0.0032872743904590608},"size":7.20350980758667,"orthographic":false}