{"cameraMode":{"drawMode":0,"name":"Shaded","section":"Shading Mode"},"sceneLighting":false,"audioPlay":false,"sceneViewState":{"m_AlwaysRefresh":true,"showFog":true,"showSkybox":false,"showFlares":true,"showImageEffects":true,"showParticleSystems":true,"showVisualEffectGraphs":true,"m_FxEnabled":true},"in2DMode":false,"pivot":{"x":-0.2785729467868805,"y":0.7951620817184448,"z":-0.14161396026611329},"rotation":{"x":0.006347722839564085,"y":0.9934102296829224,"z":-0.0689629539847374,"w":0.09145377576351166},"size":1.344911813735962,"orthographic":false}