{"cameraMode":{"drawMode":0,"name":"Shaded","section":"Shading Mode"},"sceneLighting":false,"audioPlay":false,"sceneViewState":{"m_AlwaysRefresh":true,"showFog":true,"showSkybox":false,"showFlares":true,"showImageEffects":true,"showParticleSystems":true,"showVisualEffectGraphs":true,"m_FxEnabled":true},"in2DMode":false,"pivot":{"x":2.9802322387695315e-8,"y":0.23226138949394227,"z":-7.450580596923828e-9},"rotation":{"x":-0.21166947484016419,"y":0.6509412527084351,"z":-0.19624269008636475,"w":-0.7021121978759766},"size":0.2526584565639496,"orthographic":false}