{"cameraMode":{"drawMode":0,"name":"Shaded","section":"Shading Mode"},"sceneLighting":false,"audioPlay":false,"sceneViewState":{"m_AlwaysRefresh":true,"showFog":true,"showSkybox":false,"showFlares":true,"showImageEffects":true,"showParticleSystems":true,"showVisualEffectGraphs":true,"m_FxEnabled":true},"in2DMode":false,"pivot":{"x":-5.960464477539063e-8,"y":0.49999991059303286,"z":-2.9802322387695315e-8},"rotation":{"x":0.024766230955719949,"y":0.9749191999435425,"z":-0.14316843450069428,"w":0.1686583310365677},"size":0.8660259246826172,"orthographic":false}