{"cameraMode":{"drawMode":0,"name":"Shaded","section":"Shading Mode"},"sceneLighting":false,"audioPlay":false,"sceneViewState":{"m_AlwaysRefresh":true,"showFog":true,"showSkybox":false,"showFlares":true,"showImageEffects":true,"showParticleSystems":true,"showVisualEffectGraphs":true,"m_FxEnabled":true},"in2DMode":false,"pivot":{"x":0.06199999526143074,"y":-0.006599999964237213,"z":-0.01590000092983246},"rotation":{"x":-0.21166947484016419,"y":0.6509412527084351,"z":-0.19624269008636475,"w":-0.7021121978759766},"size":0.020492229610681535,"orthographic":false}